<?xml version="1.0" encoding="UTF-8" standalone="yes"?>
	<addon
        id="plugin.audio.ObieTrice-Cheers" 
        name="Obie Trice - Cheers" 
        version="0.0.1" 
        provider-name="LB">
		<requires>
			<import addon="xbmc.python"             	version="2.1.0"/>
			<import addon="xbmc.addon"              	version="12.1.0"/>
		</requires>
		<extension point="xbmc.python.pluginsource" library="default.py">
			<provides>audio</provides>
		</extension>
		<extension point="xbmc.addon.metadata">
			<summary lang="en">Obie Trice</summary>
			<description lang="en">Tune in to kodi Radio for all the latest music.</description>
			<disclaimer lang="en">We do not own or publish the content delivered by the plugin</disclaimer>
			<platform>all</platform>
			<license>GNU GENERAL PUBLIC LICENSE. Version 3, June 2007</license>
			<language>en</language>
			<forum></forum>
			<website></website>
			<email></email>
			<source></source>
		</extension>
	</addon>